{
    "data": {
        "E_tot": [
            -142102.72519748023,
            -142036.010119988,
            -141969.7669413059,
            -141903.5224377562,
            -141837.0826907309
        ],
        "Lx": [
            51.13961896530347,
            51.18647938816118,
            51.19615094440556,
            51.197074997800215,
            51.23255922787721
        ],
        "Ly": [
            51.06350534806519,
            51.059898486651335,
            51.092433213278674,
            51.104580318568146,
            51.134814699930004
        ],
        "Lz": [
            51.187859082491755,
            51.199190656134384,
            51.23572302309769,
            51.25603886561344,
            51.28741762833717
        ],
        "T": [
            249.96288253974603,
            275.10567792720724,
            300.05801439456053,
            324.9993947735227,
            349.96777069493044
        ],
        "V": [
            133670.29723427657,
            133812.9388411159,
            134019.05604339566,
            134106.49056794323,
            134361.0269813019
        ],
        "ptot": [
            0.00010395602568256489,
            0.00011473620727401266,
            7.727387134373493e-05,
            0.00010031840925821427,
            5.072016419491983e-05
        ],
        "pxx": [
            6.627082393583197e-05,
            0.0001449035720473791,
            6.099466763281522e-05,
            5.431531453265466e-05,
            6.249505554161122e-05
        ],
        "pyy": [
            0.00015543975616428042,
            0.00013027166214182992,
            7.833589521623526e-05,
            0.00015558296897644411,
            5.181074648869201e-05
        ],
        "pzz": [
            9.01574969475823e-05,
            6.90333876328286e-05,
            9.249105118215454e-05,
            9.10569442655437e-05,
            3.7854690554456e-05
        ],
        "run_index": [
            1.0,
            2.0,
            3.0,
            4.0,
            5.0
        ],
        "steps": [
            100000.0,
            100000.0,
            100000.0,
            100000.0,
            100000.0
        ],
        "structure_final": "manually_removed"
    }
}