{
    "data": {
        "E_tot": [
            -142102.57153984602,
            -142036.59223277672,
            -141969.91567743226,
            -141903.51446455353,
            -141836.2828487151
        ],
        "Lx": [
            51.145772347365266,
            51.178386561043894,
            51.20819429157085,
            51.21388922757724,
            51.2167100219978
        ],
        "Ly": [
            51.06872220617938,
            51.077704748725125,
            51.090227968603145,
            51.122635461353866,
            51.14961419358064
        ],
        "Lz": [
            51.16651812808719,
            51.19369515128487,
            51.23094840725928,
            51.25064774552544,
            51.282375923007706
        ],
        "T": [
            250.0281198950105,
            274.9404183271673,
            300.0535385931407,
            324.926636860314,
            350.13878424957505
        ],
        "V": [
            133644.30098090193,
            133824.0688021198,
            134032.30228477152,
            134183.81443755626,
            134345.14498450153
        ],
        "ptot": [
            0.00010643290793419961,
            0.0001515722944682031,
            0.0001281019895156852,
            8.784156486857989e-05,
            0.0001009544634954533
        ],
        "pxx": [
            0.0001256338235250418,
            0.00013188787797667971,
            0.00015009442536216994,
            3.8222910994860285e-05,
            0.00012889966519273903
        ],
        "pyy": [
            4.296065179137484e-05,
            0.00018491507081074856,
            0.00012215689963243433,
            7.954088819732996e-05,
            7.315994266226024e-05
        ],
        "pzz": [
            0.0001507042484861819,
            0.00013791393461718096,
            0.00011205464355245118,
            0.0001457608954135499,
            0.00010080378263136018
        ],
        "run_index": [
            1.0,
            2.0,
            3.0,
            4.0,
            5.0
        ],
        "steps": [
            100000.0,
            100000.0,
            100000.0,
            100000.0,
            100000.0
        ],
        "structure_final": "manually_removed"
    }
}