{
    "data": {
        "E_tot": [
            -142102.61353764625,
            -142036.66413058696,
            -141969.52025297473,
            -141902.6576732327,
            -141835.84253874613
        ],
        "Lx": [
            51.1535798820118,
            51.1905354129587,
            51.196312465053495,
            51.218365670032995,
            51.22166180971903
        ],
        "Ly": [
            51.075887240075986,
            51.07592982431757,
            51.09183763763624,
            51.105656348065196,
            51.11586464743526
        ],
        "Lz": [
            51.1654169870013,
            51.19271984021598,
            51.225033392960704,
            51.24729660783922,
            51.29262165693431
        ],
        "T": [
            249.9471589121088,
            274.8975965843416,
            300.07697862213774,
            325.0247586541346,
            350.10897859514046
        ],
        "V": [
            133680.57346365365,
            133848.64367563243,
            133989.95250474953,
            134142.2105239476,
            134296.27383761626
        ],
        "ptot": [
            7.465470352566407e-05,
            0.00011712861717656918,
            0.00010404637160534236,
            0.00011792521122691058,
            0.00010227445384045288
        ],
        "pxx": [
            0.00010071209320148428,
            0.00011994949186719744,
            0.00010288913933874222,
            8.338156387916688e-05,
            3.184418534631365e-05
        ],
        "pyy": [
            5.037270520939479e-05,
            0.00013688183990378063,
            0.00011326516316203692,
            0.00016759287763909125,
            0.00017889711690385353
        ],
        "pzz": [
            7.287931216611344e-05,
            9.455451975872926e-05,
            9.598481231524824e-05,
            0.00010280119216247364,
            9.608205927119126e-05
        ],
        "run_index": [
            1.0,
            2.0,
            3.0,
            4.0,
            5.0
        ],
        "steps": [
            100000.0,
            100000.0,
            100000.0,
            100000.0,
            100000.0
        ],
        "structure_final": "manually_removed"
    }
}