{
    "data": {
        "E_tot": [
            -142102.841539846,
            -142036.23413558642,
            -141969.81399160085,
            -141904.1528687131,
            -141836.62219678034
        ],
        "Lx": [
            51.14275165483452,
            51.17132687671233,
            51.185767220277974,
            51.20376114578542,
            51.25035425857414
        ],
        "Ly": [
            51.081506727127284,
            51.07292586221378,
            51.099859464953504,
            51.11015580361964,
            51.119706779322065
        ],
        "Lz": [
            51.1753388520148,
            51.21221099930007,
            51.22444951954804,
            51.244126024397566,
            51.2645750139986
        ],
        "T": [
            249.9468005669433,
            274.9132615318468,
            300.12715457854216,
            324.9197484381562,
            349.9732693660634
        ],
        "V": [
            133692.89752424756,
            133841.49491750824,
            133981.86371662834,
            134107.45864713527,
            134308.1399340066
        ],
        "ptot": [
            9.491021410473622e-05,
            9.887187594011295e-05,
            9.85563664088957e-05,
            6.791553422063788e-05,
            9.10165507080007e-05
        ],
        "pxx": [
            9.387222617178749e-05,
            9.89068588566394e-05,
            8.845927780936201e-05,
            0.00010857759486788606,
            7.20498734544285e-05
        ],
        "pyy": [
            6.407620933667054e-05,
            8.285883377469109e-05,
            0.00013775265785839793,
            7.671527365335819e-05,
            0.0001332994077560621
        ],
        "pzz": [
            0.00012678220680575016,
            0.00011484993518900823,
            6.945716355892728e-05,
            1.845373414066964e-05,
            6.770037091351169e-05
        ],
        "run_index": [
            1.0,
            2.0,
            3.0,
            4.0,
            5.0
        ],
        "steps": [
            100000.0,
            100000.0,
            100000.0,
            100000.0,
            100000.0
        ],
        "structure_final": "manually_removed"
    }
}