{
    "data": {
        "E_tot": [
            -142102.58444555543,
            -142036.41473052697,
            -141969.7895320468,
            -141903.6289441056,
            -141836.7094030597
        ],
        "Lx": [
            51.149129278972104,
            51.18247480111989,
            51.20296842015799,
            51.213282561443854,
            51.234160147585236
        ],
        "Ly": [
            51.073242473652634,
            51.07911194270573,
            51.10746357864213,
            51.11411156044395,
            51.14551663453654
        ],
        "Lz": [
            51.17943164153584,
            51.20773866023398,
            51.2160823969603,
            51.25614246555344,
            51.266560605839416
        ],
        "T": [
            249.9254565223478,
            274.9074013948605,
            300.019586869313,
            325.046096170383,
            350.01592999700034
        ],
        "V": [
            133698.62582741724,
            133875.17227977203,
            134024.92716728325,
            134174.2285661434,
            134338.68089691031
        ],
        "ptot": [
            0.00010027296456544983,
            9.535493531727576e-05,
            9.297009150730525e-05,
            7.10529446423025e-05,
            7.079119309857971e-05
        ],
        "pxx": [
            0.0001321016451550494,
            0.00011757253155842136,
            7.692594073246221e-05,
            3.492186181338975e-05,
            -1.648287710893383e-05
        ],
        "pyy": [
            8.755411708547513e-05,
            0.00011021719728487102,
            9.095879348471574e-05,
            9.144558028091872e-05,
            0.00011774321876451661
        ],
        "pzz": [
            8.116313145582448e-05,
            5.827507710853515e-05,
            0.0001110255403047381,
            8.679139183259876e-05,
            0.00011111323764015601
        ],
        "run_index": [
            1.0,
            2.0,
            3.0,
            4.0,
            5.0
        ],
        "steps": [
            100000.0,
            100000.0,
            100000.0,
            100000.0,
            100000.0
        ],
        "structure_final": "manually_removed"
    }
}