{
    "01_300K": {
        "convergence_criterion": 5e-07,
        "is_converged": "True",
        "run01": {
            "CTE_V": 2.3465868030410754e-05,
            "CTE_x": 2.2229401934791246e-05,
            "CTE_y": 2.8846973046375563e-06,
            "CTE_z": -1.6454295860207709e-06,
            "E_tot": -141970.50293335333,
            "Lx": 51.19605375826209,
            "Ly": 51.09608677481126,
            "Lz": 51.21961660716964,
            "T": 299.926774879756,
            "V": 133986.2553042348,
            "ptot": 0.00012651548613229198,
            "pxx": 0.00011624745351132542,
            "pyy": 0.000151160410159843,
            "pzz": 0.00011213859472570852,
            "steps": 100000
        },
        "run02": {
            "CTE_V": 2.812562685473847e-05,
            "CTE_x": 1.865437661689425e-05,
            "CTE_y": 3.747493699893509e-06,
            "CTE_z": 5.727209482776286e-06,
            "E_tot": -141970.2037878106,
            "Lx": 51.19414729063547,
            "Ly": 51.09662328506075,
            "Lz": 51.219318379081045,
            "T": 299.9380856259687,
            "V": 133981.89285260736,
            "ptot": 0.00010695009511653372,
            "pxx": 8.116575336897053e-05,
            "pyy": 0.00014186760387177277,
            "pzz": 9.781692810885838e-05,
            "steps": 200000
        },
        "run03": {
            "CTE_V": 3.464529021011652e-05,
            "CTE_x": 1.637403760882562e-05,
            "CTE_y": 9.311203521867015e-07,
            "CTE_z": 1.7336595650468793e-05,
            "E_tot": -141970.28953252337,
            "Lx": 51.193496909121215,
            "Ly": 51.09904788383914,
            "Lz": 51.21452136596504,
            "T": 299.9154965266736,
            "V": 133973.99713697648,
            "ptot": 0.00010030556341656512,
            "pxx": 8.487774092622542e-05,
            "pyy": 0.00013306444562180152,
            "pzz": 8.297450370166918e-05,
            "steps": 300000
        },
        "run04": {
            "CTE_V": 3.139293590210623e-05,
            "CTE_x": 1.7840204784899133e-05,
            "CTE_y": 3.7212263881089467e-06,
            "CTE_z": 9.83111229861073e-06,
            "E_tot": -141970.2719759012,
            "Lx": 51.19328748890056,
            "Ly": 51.09947365590471,
            "Lz": 51.21440612349383,
            "T": 299.9140028787311,
            "V": 133974.2638019349,
            "ptot": 9.598429160220356e-05,
            "pxx": 8.311859176741541e-05,
            "pyy": 0.00012220465341343872,
            "pzz": 8.26296296257571e-05,
            "steps": 400000
        },
        "run05": {
            "CTE_V": 3.272289492286443e-05,
            "CTE_x": 2.0348624294824447e-05,
            "CTE_y": 5.7202725469127545e-06,
            "CTE_z": 6.6537216234570316e-06,
            "E_tot": -141970.22020348982,
            "Lx": 51.19398467586621,
            "Ly": 51.099871901084946,
            "Lz": 51.21716722482876,
            "T": 299.9179474863257,
            "V": 133984.35507014647,
            "ptot": 9.737740131099745e-05,
            "pxx": 8.250089463603993e-05,
            "pyy": 0.0001171914383607192,
            "pzz": 9.243987093623367e-05,
            "steps": 500000
        },
        "run06": {
            "CTE_V": 3.3408430471443914e-05,
            "CTE_x": 2.509298926819415e-05,
            "CTE_y": 4.100218239651839e-06,
            "CTE_z": 4.216003403437009e-06,
            "E_tot": -141970.2085609053,
            "Lx": 51.19396307962103,
            "Ly": 51.100915136426515,
            "Lz": 51.21930291460427,
            "T": 299.92657030690134,
            "V": 133992.6218193257,
            "ptot": 9.628449855597479e-05,
            "pxx": 7.54869204837627e-05,
            "pyy": 0.00011506016421019182,
            "pzz": 9.830641097397016e-05,
            "steps": 600000
        },
        "run07": {
            "CTE_V": 3.362320265607417e-05,
            "CTE_x": 2.2492696199628913e-05,
            "CTE_y": 4.838288413874423e-06,
            "CTE_z": 6.29655676155259e-06,
            "E_tot": -141970.14431578421,
            "Lx": 51.19578823598106,
            "Ly": 51.09861331749127,
            "Lz": 51.2192495967916,
            "T": 299.93955345939844,
            "V": 133991.2212559372,
            "ptot": 9.472335346220832e-05,
            "pxx": 7.254679301039606e-05,
            "pyy": 0.00011698161957613916,
            "pzz": 9.464164780009012e-05,
            "steps": 700000
        },
        "run08": {
            "CTE_V": 3.302169780646456e-05,
            "CTE_x": 1.820640568068119e-05,
            "CTE_y": 7.707325360676714e-06,
            "CTE_z": 7.106307983635852e-06,
            "E_tot": -141970.0954026674,
            "Lx": 51.1977771351245,
            "Ly": 51.09642650568097,
            "Lz": 51.219247060059494,
            "T": 299.94821501299936,
            "V": 133990.68482294635,
            "ptot": 9.397917592712464e-05,
            "pxx": 7.664131002097006e-05,
            "pyy": 0.00011622667737948338,
            "pzz": 8.906954038092077e-05,
            "steps": 800000
        },
        "run09": {
            "CTE_V": 3.276012713796539e-05,
            "CTE_x": 1.6173911321549453e-05,
            "CTE_y": 9.568113902017867e-06,
            "CTE_z": 7.013078049863411e-06,
            "E_tot": -141970.0333716092,
            "Lx": 51.2001666332739,
            "Ly": 51.09491997620675,
            "Lz": 51.21798696300185,
            "T": 299.9582435332122,
            "V": 133989.6899843341,
            "ptot": 9.373212910547912e-05,
            "pxx": 7.74298896715292e-05,
            "pyy": 0.0001121599585010866,
            "pzz": 9.160653914382173e-05,
            "steps": 900000
        },
        "run10": {
            "CTE_V": 3.4313831539734125e-05,
            "CTE_x": 1.4744387111660989e-05,
            "CTE_y": 9.417549724026472e-06,
            "CTE_z": 1.0145926172771684e-05,
            "E_tot": -141969.94961761913,
            "Lx": 51.2023599301685,
            "Ly": 51.09293496727663,
            "Lz": 51.21809481925405,
            "T": 299.9628265386231,
            "V": 133990.50512084397,
            "ptot": 9.727789484734828e-05,
            "pxx": 8.260772442788583e-05,
            "pyy": 0.00011252254254904736,
            "pzz": 9.67034175651119e-05,
            "steps": 1000000
        },
        "run11": {
            "CTE_V": 3.5737524136457327e-05,
            "CTE_x": 1.6113649388784662e-05,
            "CTE_y": 9.925708752609928e-06,
            "CTE_z": 9.693272918660426e-06,
            "E_tot": -141969.9140215262,
            "Lx": 51.20332145519997,
            "Ly": 51.09160109571794,
            "Lz": 51.21820092615823,
            "T": 299.9633261776002,
            "V": 133989.79893096254,
            "ptot": 9.744956166193844e-05,
            "pxx": 8.486642389507591e-05,
            "pyy": 0.00010913285261765119,
            "pzz": 9.834940847308849e-05,
            "steps": 1100000
        },
        "run12": {
            "CTE_V": 3.6560987684073914e-05,
            "CTE_x": 1.8127775112211822e-05,
            "CTE_y": 9.648598510752137e-06,
            "CTE_z": 8.780400490349031e-06,
            "E_tot": -141969.90931420095,
            "Lx": 51.20418851472427,
            "Ly": 51.09030290987534,
            "Lz": 51.21848969047381,
            "T": 299.96738503508163,
            "V": 133989.41766936655,
            "ptot": 9.945266506727782e-05,
            "pxx": 8.940554313507168e-05,
            "pyy": 0.00010749518239837226,
            "pzz": 0.00010145726966838959,
            "steps": 1200000
        },
        "run13": {
            "CTE_V": 3.754503403199517e-05,
            "CTE_x": 1.9091431678158406e-05,
            "CTE_y": 9.222139933866483e-06,
            "CTE_z": 9.225751147130197e-06,
            "E_tot": -141969.93851026677,
            "Lx": 51.205085735805525,
            "Ly": 51.08990007288866,