{
    "data": {
        "E_tot": [
            -142102.56808919107,
            -142036.4010438956,
            -141970.19565443456,
            -141903.5573582642,
            -141836.88582241777
        ],
        "Lx": [
            51.14880493870613,
            51.16872222647736,
            51.19167367403259,
            51.22339290270973,
            51.23571009179082
        ],
        "Ly": [
            51.082232600339964,
            51.08231318788121,
            51.10308101529847,
            51.11270524267573,
            51.13961609239076
        ],
        "Lz": [
            51.16719885181482,
            51.18813374662534,
            51.220702862813724,
            51.240742130586945,
            51.27446040155985
        ],
        "T": [
            250.0305596570343,
            275.0328712218778,
            300.0860488991101,
            324.90884608939103,
            349.9743807169283
        ],
        "V": [
            133689.35924707528,
            133796.34296770324,
            133995.96963703632,
            134156.70620637937,
            134347.94820417959
        ],
        "ptot": [
            7.809843331047951e-05,
            9.543592089847703e-05,
            8.225088518638957e-05,
            0.0001037773290309216,
            7.339588011186759e-05
        ],
        "pxx": [
            7.11110245629672e-05,
            8.796885443973993e-05,
            0.00012830182662458672,
            0.00011756543664830808,
            6.863562403024037e-05
        ],
        "pyy": [
            7.020399298341848e-05,
            7.770888496307428e-05,
            5.6239866314197064e-05,
            0.0001115217207551443,
            0.00012447599952373023
        ],
        "pzz": [
            9.298028238505278e-05,
            0.00012063002329261682,
            6.221096262038418e-05,
            8.224482968931257e-05,
            2.7076016781633117e-05
        ],
        "run_index": [
            1.0,
            2.0,
            3.0,
            4.0,
            5.0
        ],
        "steps": [
            100000.0,
            100000.0,
            100000.0,
            100000.0,
            100000.0
        ],
        "structure_final": "manually_removed"
    }
}